time,channel_a0,channel_a1
59.402679204940796,272,179
59.40367865562439,271,186
59.40869402885437,270,226
59.41067886352539,269,249
59.41369438171387,268,167
59.41770577430725,266,180
59.424678325653076,264,184
59.425684452056885,261,225
59.431679010391235,258,251
59.435680627822876,255,170
59.43667960166931,251,181
59.44525766372681,246,186
59.44826292991638,241,225
59.450262784957886,235,251
59.45826268196106,229,170
59.45926380157471,222,181
59.46126365661621,216,186
59.465261936187744,211,224
59.46971082687378,206,251
59.473716735839844,201,168
59.48308086395264,197,178
59.48308086395264,193,183
59.487642765045166,189,225
59.49264454841614,186,250
59.49464535713196,183,168
59.501643896102905,180,178
59.50464415550232,177,182
59.50764346122742,175,223
59.51064491271973,173,250
59.515644788742065,171,169
59.518643856048584,169,178
59.52164340019226,167,184
59.525643825531006,166,225
59.53403997421265,165,246
59.535022258758545,163,169
59.540024518966675,162,180
59.5430223941803,161,182
59.546022176742554,160,224
59.55253529548645,160,246
59.55553483963013,159,169
59.55853462219238,158,178
59.56653428077698,158,182
59.56653428077698,157,225
59.56953525543213,157,246
59.57353472709656,156,168
59.57771134376526,156,178
59.58171081542969,156,182
59.591877698898315,155,225
59.59287786483765,155,249
59.59738755226135,155,168
59.599387645721436,155,178
59.60238695144653,155,184
59.60638642311096,155,225
59.612388372421265,155,246
59.61438775062561,155,170
59.61776256561279,155,178
59.6247615814209,154,182
59.62576198577881,155,224
59.629761934280396,155,246
59.63376212120056,155,169
59.642274379730225,154,178
59.642274379730225,155,182
59.64927411079407,155,225
59.65127396583557,155,249
59.6552734375,155,170
59.66227340698242,155,178
59.66327476501465,155,181
59.66827893257141,155,223
59.676273822784424,156,251
59.67727279663086,156,168
59.67927432060242,156,178
59.681273460388184,156,183
59.68527340888977,156,225
59.69378590583801,157,249
59.69478678703308,157,170
59.69980311393738,157,178
59.70378661155701,157,184
59.70578622817993,157,223
59.712785959243774,157,247
59.71578598022461,158,170
59.71878528594971,158,178
59.72678470611572,158,182
59.72678470611572,158,224
59.72978472709656,158,248
59.733784675598145,158,171
59.73780965805054,159,177
59.747589111328125,159,184
59.7485830783844,159,224
59.75356912612915,159,246
59.754568338394165,159,171
59.75762176513672,160,178
59.76161980628967,160,183
59.76561975479126,160,225
59.769606590270996,160,249
59.7746057510376,160,170
59.78060483932495,161,178
59.78360557556152,161,181
59.78560519218445,161,226
59.78960561752319,161,249
59.793739318847656,161,171
59.797375202178955,162,180
59.80099320411682,162,184
59.81097960472107,162,224
59.81497812271118,162,246
59.81597876548767,162,172
59.817978858947754,163,178
59.8219780921936,163,182
59.8299777507782,163,223
59.83197832107544,163,249
59.834977865219116,163,171
59.83797812461853,164,177
59.84297776222229,164,183
59.845481634140015,164,224
59.849485874176025,164,248
59.85357046127319,164,173
59.860551834106445,164,177
59.86755394935608,165,181
59.868552684783936,165,225
59.87155270576477,165,249
59.875553369522095,165,172
59.881553411483765,165,177
59.88379430770874,165,182
59.886794090270996,166,224
59.89430236816406,166,249
59.896302223205566,166,172
59.89730262756348,166,179
59.90130138397217,166,183
59.90574383735657,166,223
59.90945386886597,167,249
59.919440031051636,167,171
59.919440031051636,167,178
59.92476034164429,167,182
59.92576193809509,167,225
59.93075966835022,167,249
59.93927812576294,167,172
59.941277742385864,168,177
59.941277742385864,168,183
59.946277379989624,168,224
59.9512779712677,168,249
59.95427703857422,168,173
59.957276821136475,168,178
59.961735010147095,168,184
59.9649875164032,168,224
59.96898865699768,169,248
59.97298789024353,169,174
59.98298954963684,169,178
59.98398947715759,169,182
59.98750019073486,169,225
59.99149966239929,169,248
59.99549961090088,169,174
59.99949932098389,169,178
60.003499031066895,169,181
60.006500005722046,170,224
60.01351356506348,170,248
60.01351356506348,170,173
60.017515897750854,170,178
60.021498918533325,170,183
60.02573347091675,170,226
60.02905297279358,170,248
60.03305244445801,170,173
60.045053243637085,170,177
60.04957151412964,170,183
60.051570415496826,170,224
60.052570104599,171,248
60.05457091331482,171,174
60.05857062339783,171,177
60.06357026100159,171,181
60.06657004356384,171,224
60.07556939125061,171,247
60.0765700340271,171,173
60.07857036590576,171,177
60.08156943321228,171,183
60.08557152748108,171,225
60.0897331237793,171,248
60.09350228309631,171,174
60.097052812576294,171,178
60.10805082321167,172,181
60.10805082321167,172,225
60.11304807662964,172,248
60.11404800415039,172,172
60.11705136299133,172,177
60.126511096954346,172,181
60.12751126289368,172,225
60.13285040855408,172,248
60.13485670089722,172,175
60.140857458114624,172,178
60.14185619354248,172,183
60.14496970176697,172,225
60.148977518081665,172,248
60.15795683860779,172,173
60.15795683860779,172,178
60.163955211639404,172,180
60.165956020355225,172,225
60.175955057144165,172,247
60.17695450782776,172,173
60.179954528808594,172,178
60.18195652961731,172,181
60.189526319503784,172,225
60.190507888793945,173,248
60.19352436065674,177,176
60.19761514663696,223,178
60.201746702194214,276,185
60.20573711395264,333,228
60.21637153625488,388,253
60.2183723449707,439,180
60.22237229347229,487,183
60.22737145423889,531,188
60.22837162017822,571,229
60.23037075996399,609,254
60.235371112823486,644,182
60.237881660461426,676,182
60.25288248062134,706,188
60.25288248062134,734,232
60.25288248062134,761,255
60.254881143569946,785,183
60.25788760185242,808,185
60.26170992851257,829,189
60.2657105922699,849,233
60.269771575927734,867,256
60.28030276298523,885,184
60.28528809547424,901,186
60.28628754615784,916,190
60.28628754615784,930,235
60.28931474685669,943,256
60.294286489486694,955,186
60.298808574676514,965,186
60.30289053916931,975,192
60.30689191818237,984,236
60.309892416000366,992,257
60.31589198112488,998,187
60.31889295578003,1003,187
60.321906328201294,1007,192
60.3258912563324,1010,236
60.34318470954895,1011,258
60.34518361091614,1010,187
60.34770441055298,1008,187
60.34770441055298,1004,191
60.34770441055298,997,235
60.35070514678955,989,256
60.364704847335815,977,186
60.36724352836609,963,187
60.370258808135986,947,190
60.370258808135986,927,234
60.370258808135986,905,256
60.377835273742676,879,184
60.377835273742676,850,185
60.38183641433716,817,189
60.385833740234375,781,233
60.389835834503174,742,254
60.39334177970886,699,181
60.39334177970886,652,181
60.40609407424927,602,187
60.41141963005066,548,229
60.41342854499817,491,250
60.415438175201416,430,180
60.415438175201416,365,180
60.42519187927246,298,180
60.42519187927246,227,225
60.435596227645874,153,248
60.435596227645874,104,175
60.44118142127991,33,175
60.44118142127991,3,178
60.452404737472534,8,223
60.452404737472534,20,246
60.4551944732666,33,175
60.4574511051178,45,175
60.45946145057678,56,178
60.47857427597046,65,223
60.47857427597046,73,246
60.47857427597046,80,176
60.47857427597046,87,175
60.48523306846619,93,179
60.48775863647461,98,224
60.492347955703735,102,246
60.492347955703735,106,176
60.492347955703735,109,174
60.502509355545044,112,179
60.50453186035156,115,224
60.50453186035156,117,247
60.50453186035156,119,176
60.50453186035156,121,175
60.520217418670654,122,180
60.520217418670654,124,225
60.520217418670654,125,246
60.520217418670654,126,177
60.53843545913696,126,177
60.54200720787048,127,180
60.54200720787048,128,225
60.54200720787048,128,248
60.552252769470215,128,178
60.558165550231934,129,177
60.558165550231934,129,180
60.56426119804382,129,225
60.57237148284912,129,248
60.57237148284912,130,177
60.57237148284912,130,176
60.57237148284912,130,182
60.58569264411926,130,225
60.58569264411926,130,248
60.58569264411926,130,178
60.60031747817993,130,176
60.602967262268066,130,180
60.60496640205383,129,226
60.608189821243286,129,248
60.62026906013489,129,177
60.62206172943115,129,175
60.62446928024292,129,179
60.62588810920715,129,225
60.62890291213989,129,245
60.63633179664612,129,178
60.63633179664612,129,176
60.64100432395935,128,181
60.64451479911804,128,225
60.649415493011475,128,246
60.661620140075684,128,177
60.66262125968933,128,175
60.66262125968933,128,178
60.67361879348755,128,225
60.677618741989136,127,246
60.677618741989136,127,175
60.68061900138855,127,174
60.68061900138855,127,180
60.68659687042236,127,225
60.69008445739746,127,246
60.694987058639526,127,178
60.69867396354675,126,175
60.70542359352112,126,181
60.70542359352112,126,223
60.708356618881226,126,247
60.71236968040466,126,179
60.716386556625366,126,174
60.716386556625366,126,181
60.716386556625366,126,226
60.73059701919556,126,246
60.73059701919556,125,178
60.738805055618286,125,175
60.738805055618286,125,179
60.74513816833496,125,224
60.74513816833496,125,247
60.74513816833496,125,180
60.74513816833496,125,175
60.76559591293335,125,180
60.76559591293335,124,224
60.76559591293335,124,245
60.76559591293335,124,180
60.775933265686035,124,175
60.78906869888306,124,180
60.79264044761658,124,225
60.79264044761658,124,245
60.7968008518219,124,179
60.7968008518219,124,174
60.7968008518219,124,181
60.81200838088989,123,226
60.81200838088989,124,247
60.812745094299316,123,180
60.81797814369202,123,175
60.82467555999756,123,179
60.82467555999756,123,225
60.82999324798584,123,246
60.83199906349182,123,180
60.850337266922,123,176
60.850337266922,123,178
60.85368371009827,123,225
60.85368371009827,123,246
60.85368371009827,123,181
60.85845708847046,122,175
60.863003730773926,122,180
60.863003730773926,122,226
60.86962270736694,122,245
60.86962270736694,122,182
60.86962270736694,122,176
60.86962270736694,122,178
60.88531517982483,122,225
60.88531517982483,122,246
60.88531517982483,122,181
60.90369415283203,122,174
60.90865993499756,122,179
60.90865993499756,122,225
60.90865993499756,122,246
60.90865993499756,122,181
60.91754770278931,122,176
60.91754770278931,121,177
60.91754770278931,122,224
60.91754770278931,121,246
60.943094968795776,122,180
60.943094968795776,121,174
60.943094968795776,121,179
60.943094968795776,121,225
60.94828653335571,121,247
60.94828653335571,121,181
60.96350622177124,121,175
60.96350622177124,121,180
60.970810413360596,121,225
60.970810413360596,121,246
60.970810413360596,121,181
60.970810413360596,121,175
60.97949504852295,121,181
60.99000024795532,121,226
60.99000024795532,121,248
60.99000024795532,121,183
60.99557638168335,121,175
60.99557638168335,121,181
60.99557638168335,121,225
60.99557638168335,121,246
61.01357173919678,121,181
61.02160143852234,121,175
61.02160143852234,121,177
61.028409004211426,121,226
61.028409004211426,121,245
61.028409004211426,121,183
61.0380859375,121,175
61.04667949676514,121,180
61.04667949676514,121,226
61.04667949676514,121,246
61.04667949676514,121,183
61.04667949676514,121,174
61.06090521812439,121,178
61.06090521812439,121,226
61.06090521812439,121,247
61.06090521812439,121,183
61.08530807495117,121,175
61.09073233604431,121,177
61.09073233604431,121,225
61.09073233604431,121,245
61.09073233604431,121,184
61.09073233604431,121,175
61.10639786720276,121,178
61.10639786720276,121,223
61.10639786720276,121,245
61.10639786720276,122,181
61.10639786720276,122,175
61.123552083969116,122,179
61.123552083969116,121,225
61.129794120788574,122,245
61.13380575180054,122,183
61.14494180679321,122,175
61.14494180679321,122,178
61.14563751220703,122,226
61.15359568595886,122,245
61.15359568595886,122,183
61.158324003219604,122,174
61.162299156188965,122,178
61.16874980926514,122,223
61.17386531829834,122,246
61.17386531829834,123,182
61.17787981033325,123,175
61.18687844276428,123,178
61.18786668777466,123,226
61.190890312194824,131,244
61.19287872314453,142,184
61.19743204116821,152,174
61.20850872993469,161,178
61.21188712120056,170,225
61.21268820762634,178,245
61.21721124649048,185,185
61.22092318534851,192,176
61.22293543815613,198,180
61.22619986534119,203,226
61.23291754722595,209,245
61.23900008201599,213,185
61.23900008201599,218,176
61.24352669715881,222,181
61.24604630470276,226,224
61.255507707595825,229,248
61.255507707595825,232,186
61.255507707595825,235,175
61.261868715286255,238,181
61.26589107513428,241,224
61.276609659194946,243,247
61.27775430679321,245,187
61.279768228530884,247,176
61.28380250930786,249,179
61.28581523895264,251,226
61.289841651916504,252,246
61.29430150985718,254,187
61.30365228652954,255,177
61.30786490440369,257,179
61.308903217315674,258,224
61.308903217315674,259,245
61.308903217315674,260,187
61.308903217315674,261,177
61.308903217315674,262,179
61.32457494735718,263,226
61.32457494735718,264,247
61.32457494735718,264,188
61.34087324142456,265,176
61.34087324142456,266,181
61.34087324142456,267,227
61.35117053985596,267,246
61.35117053985596,268,188
61.356202602386475,268,177
61.356202602386475,269,179
61.356202602386475,269,226
61.356202602386475,270,245
61.3719379901886,271,187
61.3719379901886,271,176
61.3719379901886,271,181
61.3719379901886,272,224
61.38804078102112,272,245
61.38804078102112,273,188
61.39840126037598,273,176
61.39840126037598,274,180
61.4078152179718,274,225
61.4078152179718,274,245
61.41398787498474,275,189
61.41948175430298,275,175
61.42350244522095,275,179
61.42824840545654,276,226
61.42824840545654,276,247
61.437793254852295,276,189
61.437793254852295,277,177
61.437793254852295,277,181
61.445863246917725,277,226
61.445863246917725,277,247
61.45140480995178,277,189
61.45140480995178,277,175
61.45140480995178,277,180
61.45140480995178,277,226
61.469170808792114,277,246
61.47318172454834,277,189
61.4829638004303,277,175
61.49347734451294,276,180
61.49347734451294,275,226
61.49347734451294,274,246
61.49347734451294,273,189
61.499183893203735,272,177
61.499183893203735,270,180
61.499183893203735,267,226
61.499183893203735,265,244
61.518829345703125,261,191
61.518829345703125,258,176
61.518829345703125,254,179
61.518829345703125,249,226
61.518829345703125,243,243
61.54137372970581,237,189
61.54137372970581,231,175
61.54137372970581,225,178
61.54405927658081,219,226
61.549076318740845,214,246
61.55308699607849,209,190
61.559107065200806,204,176
61.559107065200806,200,178
61.562875509262085,196,226
61.562875509262085,192,244
61.562875509262085,189,190
61.57945203781128,186,173
61.57945203781128,183,178
61.57945203781128,181,226
61.589988231658936,179,245
61.589988231658936,177,189
61.594584465026855,175,174
61.594584465026855,173,178
61.594584465026855,171,225
61.594584465026855,170,244
61.61267447471619,168,189
61.62201809883118,167,173
61.62201809883118,166,177
61.62882971763611,165,226
61.62882971763611,164,243
61.62882971763611,163,189
61.637054204940796,163,173
61.64566946029663,162,178
61.64566946029663,161,226
61.64566946029663,161,245
61.64566946029663,160,190
61.64566946029663,160,173
61.657981872558594,159,177
61.657981872558594,159,226
61.657981872558594,159,246
61.67396593093872,159,186
61.68249559402466,158,174
61.68249559402466,158,178
61.690425157547,158,226
61.69197106361389,158,244
61.69197106361389,158,189
61.706740856170654,158,174
61.7081995010376,158,178
61.709208726882935,158,226
61.71120500564575,158,245
61.714205741882324,158,192
61.71820521354675,158,173
61.724207162857056,158,180
61.72620701789856,158,226
61.72920560836792,158,245
61.73020529747009,158,190
61.74600052833557,158,173
61.751705169677734,158,178
61.751705169677734,158,226
61.751705169677734,158,244
61.751705169677734,158,192
61.759668588638306,158,174
61.76167559623718,158,178
61.76167559623718,158,225
61.76167559623718,159,245
61.76167559623718,159,191
61.78532075881958,159,173
61.78532075881958,159,179
61.78532075881958,159,225
61.7885856628418,159,243
61.79369282722473,159,192
61.794498920440674,159,174
61.794498920440674,160,178
61.809393644332886,160,225
61.8117995262146,160,244
61.8117995262146,160,192
61.8117995262146,160,174
61.8117995262146,160,179
61.825422525405884,160,226
61.825422525405884,161,242
61.825422525405884,161,192
61.83561110496521,161,174
61.841071128845215,161,177
61.841071128845215,161,225
61.841071128845215,161,244
61.841071128845215,161,192
61.85765290260315,162,172
61.86768698692322,162,178
61.86768698692322,162,225
61.87269687652588,162,243
61.87269687652588,162,191
61.87269687652588,162,174
61.87269687652588,162,178
61.87269687652588,162,225
61.888678789138794,163,243
61.888678789138794,163,192
61.89870834350586,163,173
61.89870834350586,163,177
61.905365228652954,163,225
61.905365228652954,163,243
61.905365228652954,163,192
61.905365228652954,163,173
61.92168593406677,164,178
61.92770433425903,164,225
61.92770433425903,164,244
61.93593740463257,164,191
61.93593740463257,164,173
61.940927028656006,164,178
61.944377183914185,164,224
61.95143461227417,164,243
61.95143461227417,164,192
61.95143461227417,157,172
61.96920585632324,143,178
61.96920585632324,143,224
61.96920585632324,143,241
61.97325801849365,143,193
61.97781991958618,143,172
61.98182964324951,142,178
61.98907518386841,142,224
61.98907518386841,142,242
61.99853229522705,142,194
61.99853229522705,141,173
61.99853229522705,141,178
61.99853229522705,141,223
62.01482605934143,140,243
62.01482605934143,140,195
62.01482605934143,140,172
62.01482605934143,140,177
62.030778884887695,139,224
62.030778884887695,139,242
62.03369760513306,139,194
62.036399126052856,139,171
62.04091477394104,139,178
62.04961848258972,138,224
62.04961848258972,138,242
62.055543661117554,138,194
62.061574935913086,137,173
62.061574935913086,137,177
62.061574935913086,137,224
62.07726502418518,137,242
62.07726502418518,137,195
62.077880859375,137,171
62.077880859375,136,177
62.08752369880676,136,223
62.08752369880676,136,242
62.094013690948486,136,196
62.09516525268555,135,172
62.09516525268555,135,177
62.10893392562866,135,221
62.10893392562866,135,241
62.10893392562866,135,197
62.10893392562866,135,171
62.10893392562866,134,178
62.12645125389099,134,224
62.132060050964355,134,242
62.13602828979492,134,195
62.13602828979492,134,172
62.14216160774231,134,178
62.14818263053894,133,223
62.14818263053894,133,241
62.14818263053894,133,196
62.15668249130249,133,172
62.15668249130249,133,177
62.15668249130249,133,224
62.15668249130249,133,240
62.174718141555786,132,197
62.188379526138306,132,171
62.188379526138306,132,178
62.188379526138306,132,223
62.188379526138306,132,240
62.188379526138306,132,197
62.19862914085388,132,171
62.19862914085388,132,177
62.20904088020325,131,225
62.20904088020325,131,240
62.213820457458496,131,195
62.21782994270325,131,171
62.221842765808105,131,176
62.2364661693573,131,223
62.237884283065796,131,241
62.237884283065796,131,197
62.23883938789368,131,171
62.24184966087341,130,176
62.25336766242981,130,223
62.25336766242981,130,241
62.25986909866333,130,198
62.25986909866333,130,172
62.26367378234863,130,177
62.269309520721436,130,223
62.269309520721436,130,240
62.27299165725708,130,199
62.2776141166687,130,172
62.28163146972656,130,176
62.2941837310791,130,223
62.297194480895996,129,240
62.29936957359314,129,198
62.300493478775024,129,171
62.302003622055054,129,176
62.30784249305725,129,222
62.313870906829834,129,240
62.3182258605957,129,197
62.3182258605957,129,171
62.32282304763794,129,176
62.33233094215393,129,223
62.33233094215393,129,239
62.334527254104614,129,199
62.336535930633545,129,170
62.340556383132935,129,176
62.349050760269165,129,224
62.349050760269165,128,241
62.349050760269165,128,199
62.349050760269165,128,170
62.349050760269165,128,176
62.36439895629883,128,224
62.36439895629883,128,239
62.36439895629883,128,200
62.38011622428894,128,170
62.38011622428894,128,175
62.38011622428894,128,223
62.39070248603821,128,239
62.39070248603821,128,199
62.4043242931366,128,171
62.40537118911743,128,175
62.40600800514221,128,223
62.408018350601196,128,238
62.41204261779785,128,200
62.41639757156372,128,169
62.424423694610596,128,176
62.42834424972534,128,223
62.42834424972534,128,239
62.42834424972534,128,199
62.42834424972534,128,170
62.43872618675232,128,176
62.443845987319946,128,221
62.443845987319946,128,239
62.443845987319946,128,200
62.45997142791748,128,171
62.45997142791748,128,178
62.45997142791748,128,221
62.45997142791748,128,238
62.475825548172,128,201
62.47627067565918,129,170
62.47627067565918,139,177
62.47627067565918,150,223
62.49180507659912,160,239
62.49180507659912,169,201
62.50797629356384,177,171
62.50797629356384,184,179
62.50797629356384,191,224
62.50797629356384,198,240
62.51679491996765,204,202
62.51679491996765,209,170
62.51679491996765,214,179
62.53189301490784,219,223
62.53189301490784,223,239
62.53189301490784,227,202
62.54007411003113,230,171
62.54007411003113,234,178
62.54007411003113,236,224
62.550431966781616,239,239
62.55597901344299,242,204
62.55597901344299,244,171
62.55597901344299,246,178
62.56485891342163,248,223
62.56887221336365,250,239
62.57389163970947,252,205
62.58782458305359,254,170
62.58782458305359,255,178
62.59829092025757,256,225
62.59829092025757,258,240
62.60358142852783,259,204
62.60358142852783,260,170
62.60358142852783,261,178
62.60358142852783,262,224
62.60358142852783,263,239
62.60358142852783,264,204
62.60358142852783,264,170
62.61935472488403,265,178
62.61935472488403,266,224
62.61935472488403,266,240
62.63507318496704,267,204
62.64181900024414,267,171
62.64181900024414,268,176
62.64559984207153,268,225
62.64559984207153,269,240
62.6515851020813,269,204
62.6515851020813,270,169
62.66557598114014,270,178
62.66668105125427,271,224
62.66668105125427,271,242
62.66668105125427,271,203
62.66668105125427,272,171
62.68250012397766,272,178
62.691017389297485,272,224
62.69163632392883,273,238
62.692874908447266,273,205
62.697898626327515,273,171
62.7057089805603,273,178
62.7057089805603,273,224
62.7057089805603,273,241
62.7057089805603,273,206
62.7160210609436,273,168
62.72204327583313,273,179
62.72204327583313,273,223
62.73078417778015,272,238
62.747716188430786,272,207
62.747716188430786,271,169
62.751357316970825,270,178
62.751357316970825,268,224
62.751357316970825,267,238
62.751357316970825,265,207
62.76459240913391,262,170
62.76459240913391,259,179
62.76564145088196,256,225
62.76968789100647,252,237
62.77368950843811,248,208
62.7901074886322,242,170
62.7901074886322,237,177
62.7901074886322,231,220
62.7901074886322,225,236
62.7901074886322,218,208
62.7901074886322,213,169
62.7901074886322,208,177
62.806713581085205,203,222
62.811829805374146,198,236
62.811829805374146,194,208
62.822152853012085,190,168
62.822152853012085,187,176
62.822152853012085,184,220
62.82961320877075,181,236
62.83362340927124,178,207
62.842209815979004,176,167
62.842209815979004,174,176
62.84851694107056,172,221
62.85333800315857,170,236
62.85333800315857,168,207
62.85333800315857,166,166
62.85333800315857,165,177
62.86997652053833,164,222
62.86997652053833,163,237
62.872493505477905,161,208
62.876508951187134,161,168
62.884215354919434,160,177
62.88558769226074,159,221
62.88558769226074,158,236
62.88558769226074,158,208
62.896135568618774,157,167
62.901347637176514,157,177
62.910640478134155,156,221
62.910640478134155,156,237
62.9176824092865,156,209
62.9176824092865,155,167
62.93272280693054,155,176
62.93305778503418,155,221
62.93305778503418,155,237
62.93305778503418,155,207
62.94355797767639,155,168
62.94355797767639,155,175
62.94355797767639,155,221
62.948795557022095,154,235
62.948795557022095,155,209
62.96476459503174,155,167
62.96476459503174,154,176
62.96476459503174,155,221
62.96476459503174,155,234
62.96476459503174,155,210
62.96476459503174,155,166
62.98463153839111,155,176
62.98463153839111,155,222
62.9895544052124,155,234
62.99306845664978,155,209
62.99598670005798,155,167
62.99598670005798,156,177
62.99598670005798,156,221
62.99598670005798,156,235
63.0117084980011,156,209
63.02156352996826,156,166
63.02156352996826,156,176
63.02971363067627,156,222
63.03045964241028,157,235
63.03045964241028,157,210
63.03796434402466,157,166
63.044108867645264,157,177
63.044108867645264,158,221
63.044108867645264,158,235
63.044108867645264,158,211
63.05963611602783,158,166
63.05963611602783,158,176
63.05963611602783,158,221
63.05963611602783,159,234
63.05963611602783,159,211
63.07885956764221,159,165
63.07885956764221,159,177
63.08805584907532,159,222
63.09136486053467,160,235
63.09136486053467,160,212
63.09136486053467,160,166
63.09136486053467,160,177
63.10712718963623,160,221
63.10712718963623,161,233
63.10712718963623,161,213
63.10712718963623,161,166
63.12280201911926,161,177
63.12280201911926,161,222
63.12280201911926,162,232
63.12280201911926,162,213
63.142348289489746,162,167
63.142348289489746,162,177
63.14899253845215,162,221
63.14899253845215,163,232
63.15283942222595,163,212
63.156575202941895,163,165
63.156575202941895,163,176
63.156575202941895,163,221
63.156575202941895,163,233
63.170374393463135,164,214
63.182862997055054,164,165
63.182862997055054,164,176
63.18659543991089,164,221
63.18659543991089,164,234
63.18659543991089,165,213
63.202861309051514,165,164
63.202861309051514,165,176
63.2072548866272,165,221
63.2072548866272,165,232
63.2072548866272,165,212
63.21795845031738,166,166
63.22954320907593,166,177
63.22954320907593,166,221
63.22954320907593,166,232
63.23386764526367,166,214
63.24268960952759,166,166
63.24268960952759,166,176
63.244961977005005,167,222
63.24897313117981,167,234
63.253093957901,167,214
63.259114503860474,167,165
63.266080141067505,167,176
63.266080141067505,167,221
63.266080141067505,168,232
63.266080141067505,168,218
63.27728295326233,168,163
63.28408598899841,168,176
63.28408598899841,168,219
63.28993105888367,168,232
63.292537450790405,168,218
63.30509400367737,168,165
63.30608606338501,169,176
63.30809831619263,168,219
63.31107044219971,169,233
63.3139910697937,169,217
63.31799030303955,169,164
63.32199001312256,169,176
63.34581756591797,169,219
63.34721922874451,169,233
63.349225759506226,170,217
63.349853515625,169,164
63.349853515625,170,176
63.351945877075195,170,219
63.351945877075195,170,231
63.351945877075195,170,217
63.35801649093628,170,165
63.36248016357422,170,176
63.366493463516235,170,219
63.366493463516235,170,231
63.37772750854492,170,216
63.37772750854492,171,164
63.38131237030029,170,175
63.38131237030029,171,219
63.38835573196411,171,230
63.397900342941284,171,216
63.397900342941284,171,163
63.397900342941284,171,175
63.397900342941284,171,219
63.409635066986084,171,230
63.409635066986084,171,217
63.41994547843933,171,164
63.41994547843933,171,176
63.42544651031494,171,219
63.428696632385254,171,230
63.435959339141846,171,217
63.435959339141846,172,164
63.44150733947754,172,176
63.444265842437744,172,219
63.45028257369995,172,232
63.45730900764465,172,216
63.45730900764465,172,163
63.46432280540466,172,176
63.46432280540466,172,219
63.46432280540466,172,230
63.47611904144287,172,218
63.47611904144287,172,163
63.47611904144287,172,176
63.48875689506531,172,221
63.48875689506531,172,230
63.48875689506531,172,218
63.499186277389526,172,163
63.499186277389526,172,176
63.50442719459534,172,219
63.50442719459534,172,230
63.50442719459534,172,219
63.52054572105408,172,162
63.53651285171509,172,176
63.53651285171509,173,219
63.53651285171509,207,232
63.54699659347534,257,220
63.54699659347534,314,164
63.54699659347534,370,180
63.5523738861084,423,223
63.5523738861084,472,233
63.568480014801025,517,224
63.568480014801025,558,167
63.568480014801025,597,183
63.568480014801025,633,224
63.568480014801025,666,236
63.568480014801025,697,226
63.568480014801025,725,168
63.587170362472534,752,185
63.587170362472534,777,227
63.60013294219971,800,239
63.60013294219971,822,228
63.60013294219971,843,172
63.60013294219971,862,184
63.60013294219971,879,227
63.60013294219971,896,239
63.615803956985474,911,229
63.62042784690857,925,171
63.62042784690857,939,186
63.62042784690857,951,229
63.62042784690857,962,241
63.6316864490509,972,230
63.642040729522705,981,171
63.642040729522705,989,186
63.647512912750244,996,229
63.647512912750244,1002,241
63.647512912750244,1006,231
63.647512912750244,1009,172
63.66421556472778,1011,187
63.66421556472778,1011,229
63.66421556472778,1009,244
63.66421556472778,1005,228
63.681809186935425,1000,173
63.681809186935425,991,186
63.681809186935425,981,231
63.68988347053528,968,240
63.68988347053528,953,229
63.703214168548584,934,170
63.70412635803223,913,184
63.71117424964905,888,227
63.71117424964905,860,238
63.71117424964905,829,228
63.71117424964905,794,167
63.71117424964905,755,184
63.726829290390015,714,224
63.726829290390015,668,234
63.726829290390015,619,225
63.74252700805664,567,165
63.74252700805664,510,181
63.74252700805664,451,219
63.748897552490234,387,233
63.75290775299072,321,222
63.76346254348755,251,162
63.76346254348755,177,175
63.76346254348755,119,215
63.76346254348755,54,226
63.77419996261597,8,219
63.77419996261597,5,159
63.77419996261597,16,175
63.77419996261597,29,215
63.792547941207886,41,227
63.792547941207886,52,220
63.797313928604126,62,159
63.8049738407135,71,176
63.8049738407135,78,215
63.808045625686646,85,229
63.81205725669861,91,221
63.82620072364807,96,159
63.82720136642456,101,176
63.83324956893921,105,215
63.8342170715332,108,229
63.83519959449768,111,221
63.838199853897095,114,161
63.84319996833801,116,176
63.848711252212524,118,216
63.849711656570435,120,228
63.853753328323364,122,222
63.85653567314148,123,161
63.86560416221619,124,176
63.86560416221619,125,216
63.86560416221619,126,229
63.86560416221619,127,222
63.86560416221619,127,160
63.88423943519592,128,176
63.88423943519592,128,217
63.892285108566284,129,226
63.892285108566284,129,222
63.8973822593689,129,160
63.8973822593689,129,176
63.90603423118591,130,216
63.90603423118591,130,227
63.913472414016724,130,222
63.913472414016724,130,160
63.913472414016724,130,176
63.913472414016724,130,216
63.929173946380615,130,229
63.929173946380615,130,222
63.929173946380615,129,159
63.939664125442505,129,176
63.945342779159546,129,215
63.945342779159546,129,229
63.9614622592926,129,224
63.9614622592926,129,160
63.9614622592926,129,176
63.9614622592926,129,215
63.969486236572266,129,228
63.97299027442932,128,223
63.9777250289917,128,158
63.98806047439575,128,175
63.98806047439575,128,215
63.99135422706604,128,228
63.997047901153564,128,223
63.997047901153564,128,158
64.00611114501953,127,176
64.00611114501953,127,217
64.00885152816772,127,228
64.01258325576782,127,225
64.01659393310547,127,159
64.027583360672,127,176
64.03288006782532,127,217
64.03288006782532,126,227
64.0407304763794,126,224
64.0407304763794,126,159
64.0407304763794,126,177
64.04797697067261,126,217
64.05139708518982,126,228
64.05333042144775,126,225
64.0598316192627,126,159
64.06601357460022,125,176
64.06601357460022,125,215
64.06864190101624,125,230
64.07215356826782,125,225
64.07616233825684,125,159
64.08997464179993,125,175
64.08997464179993,125,217
64.08997464179993,125,228
64.08997464179993,125,225
64.09828042984009,124,158
64.10506939888,124,175
64.10506939888,124,216
64.10506939888,124,230
64.10506939888,124,225
64.1238100528717,124,157
64.1238100528717,124,175
64.1238100528717,124,215
64.1238100528717,124,228
64.1238100528717,124,226
64.14538073539734,124,156
64.14538073539734,123,175
64.14538073539734,123,215
64.15148425102234,123,228
64.15148425102234,123,227
64.15855622291565,123,157
64.16748189926147,123,177
64.16748189926147,123,215
64.16748189926147,123,228
64.16748189926147,123,226
64.1828339099884,123,155
64.1828339099884,123,175
64.18684577941895,123,217
64.18885111808777,123,229
64.19286012649536,122,226
64.202632188797,123,156
64.202632188797,122,175
64.20899105072021,122,215
64.20899105072021,122,229
64.21535539627075,122,227
64.21535539627075,122,155
64.21535539627075,122,175
64.21535539627075,122,215
64.21535539627075,122,229
64.2356264591217,122,228
64.24057245254517,122,154
64.24057245254517,122,175
64.24057245254517,122,218
64.24818539619446,122,231
64.25220155715942,122,228
64.26197481155396,122,154
64.26197481155396,121,174
64.26197481155396,122,215
64.26197481155396,121,231
64.26197481155396,121,230
64.27766346931458,121,155
64.27766346931458,121,174
64.28801774978638,121,217
64.29335498809814,121,231
64.29335498809814,121,231
64.29335498809814,121,154
64.29335498809814,121,174
64.30909490585327,121,218
64.30909490585327,121,232
64.328125,121,230
64.3310022354126,121,153
64.3310022354126,121,174
64.3310022354126,121,218
64.3310022354126,121,232
64.33517813682556,121,231
64.33517813682556,121,154
64.3428840637207,121,172
64.3601005077362,121,218
64.36397886276245,121,231
64.36497592926025,121,231
64.36497592926025,121,154
64.37197399139404,121,172
64.37197399139404,121,216
64.37197399139404,121,233
64.37549471855164,121,232
64.37749528884888,121,153
64.3814926147461,121,172
64.3895058631897,121,216
64.39775848388672,121,232
64.39775848388672,121,232
64.39775848388672,121,152
64.39775848388672,121,172
64.40533185005188,121,218
64.40533185005188,121,233
64.40533185005188,121,231
64.40533185005188,121,153
64.42221426963806,121,170
64.42221426963806,121,218
64.42221426963806,121,234
64.43714833259583,121,233
64.43714833259583,121,151
64.43714833259583,121,171
64.43714833259583,121,217
64.44789481163025,121,234
64.45308423042297,122,233
64.45308423042297,122,152
64.45308423042297,122,171
64.45308423042297,122,217
64.46883392333984,122,233
64.46883392333984,122,233
64.46883392333984,122,152
64.46883392333984,122,172
64.49511075019836,122,217
64.49511075019836,122,231
64.49511075019836,122,234
64.49511075019836,122,152
64.50178790092468,122,171
64.50580716133118,122,213
64.5098204612732,123,233
64.51383709907532,123,232
64.52388453483582,123,152
64.52388453483582,127,171
64.53197121620178,138,216
64.53197121620178,149,230
64.53197121620178,158,233
64.54261803627014,167,155
64.54261803627014,175,173
64.54261803627014,182,216
64.54786396026611,189,231
64.54786396026611,196,233
64.54786396026611,201,155
64.56351017951965,207,176
64.56952500343323,212,216
64.56952500343323,216,230
64.57245659828186,221,234
64.57646822929382,224,155
64.58128690719604,228,176
64.58982133865356,231,215
64.58982133865356,234,230
64.59534358978271,237,234
64.59534358978271,240,156
64.59534358978271,242,176
64.59534358978271,244,215
64.61172366142273,247,228
64.61172366142273,248,234
64.61172366142273,250,154
64.61172366142273,252,176
64.62744069099426,253,215
64.62744069099426,255,228
64.62744069099426,256,234
64.63765549659729,257,156
64.64885234832764,259,178
64.64885234832764,260,215
64.64885234832764,261,226
64.65437316894531,262,233
64.65893292427063,263,155
64.65967082977295,263,178
64.65967082977295,264,214
64.67124533653259,265,227
64.67565131187439,266,232
64.67565131187439,266,158
64.69275188446045,267,178
64.69275188446045,268,215
64.69275188446045,268,228
64.69275188446045,269,232
64.6969666481018,269,158
64.70097875595093,270,178
64.7067403793335,270,213
64.7067403793335,271,226
64.7067403793335,271,234
64.7067403793335,272,159
64.72259140014648,272,177
64.72259140014648,273,211
64.72259140014648,273,226
64.72259140014648,273,233
64.73896193504333,274,157
64.74926948547363,274,179
64.74926948547363,275,213
64.74926948547363,275,226
64.74926948547363,275,236
64.7572090625763,276,158
64.76701283454895,276,179
64.76701283454895,276,211
64.76701283454895,276,227
64.78677034378052,277,234
64.78677034378052,277,158
64.79278922080994,277,179
64.79278922080994,277,210
64.79278922080994,277,225
64.79278922080994,277,234
64.79884266853333,277,157
64.80567574501038,277,178
64.80567574501038,277,213
64.80567574501038,277,226
64.80567574501038,276,234
64.8174695968628,276,159
64.82495164871216,275,179
64.82495164871216,273,212
64.83321142196655,272,225
64.83321142196655,270,235
64.83600735664368,268,158
64.84938168525696,266,178
64.84938168525696,263,209
64.84938168525696,259,224
64.84938168525696,255,236
64.84938168525696,250,157
64.84938168525696,245,176
64.86636185646057,239,212
64.86636185646057,233,223
64.86636185646057,227,234
64.8830943107605,221,156
64.88410258293152,216,176
64.89110040664673,210,211
64.892098903656,206,222
64.89668893814087,201,234
64.90166926383972,197,157
64.90166926383972,194,176
64.90768575668335,190,211
64.91066908836365,187,223
64.91066908836365,184,234
64.91066908836365,182,156
64.91066908836365,179,177
64.92734384536743,177,208
64.92875981330872,175,222
64.93277096748352,173,235
64.94431471824646,172,155
64.94431471824646,170,177
64.95815467834473,169,208
64.95815467834473,167,221
64.95815467834473,166,234
64.95815467834473,165,156
64.95815467834473,164,176
64.97472906112671,164,210
64.97472906112671,163,221
64.97808504104614,162,235
64.97808504104614,161,154
64.9843635559082,161,177
64.9843635559082,160,210
64.98919582366943,160,223
64.99300479888916,160,237
65.00053644180298,159,155
65.00053644180298,159,177
65.00705456733704,159,207
65.00705456733704,158,223
65.00705456733704,158,234
65.00705456733704,158,154
65.02177047729492,158,176
65.02177047729492,158,209
65.02177047729492,158,222
65.02177047729492,158,236
65.04512190818787,158,156
65.04512190818787,158,175
65.04512190818787,158,208
65.04925799369812,158,223
65.0532693862915,158,235
65.06329917907715,158,154
65.06329917907715,158,177
65.06973481178284,158,209
65.06973481178284,158,222
65.06973481178284,158,235
65.06973481178284,158,154
65.06973481178284,158,175
65.09798336029053,158,209
65.09798336029053,158,222
65.09798336029053,158,235
65.09982347488403,158,156
65.10562419891357,159,175
65.10562419891357,159,208
65.10923790931702,159,222
65.11199569702148,159,238
65.11801266670227,159,155
65.12663292884827,159,175
65.13240265846252,159,208
65.13240265846252,159,221
65.13240265846252,160,238
65.14256238937378,160,155
65.14256238937378,160,175
65.14256238937378,160,207
65.14794969558716,160,221
65.14794969558716,160,238
65.14794969558716,160,155
65.16386699676514,161,176
65.16386699676514,161,208
65.16386699676514,161,223
65.16386699676514,161,238
65.16386699676514,161,154
65.1859381198883,161,173
65.1859381198883,161,208
65.19040083885193,161,223
65.19572377204895,162,238
65.19572377204895,162,155
65.21180629730225,162,174
65.21180629730225,162,208
65.21180629730225,162,223
65.21180629730225,162,239
65.21180629730225,162,153
65.21180629730225,163,173
65.21180629730225,163,208
65.22775840759277,163,223
65.22775840759277,163,239
65.22775840759277,163,153
65.23813819885254,163,173
65.2518539428711,163,208
65.2518539428711,163,222
65.26353287696838,164,241
65.26606273651123,164,154
65.26606273651123,164,173
65.26606273651123,164,208
65.2709755897522,164,224
65.27526307106018,164,243
65.27526307106018,164,153
65.27526307106018,164,174
65.28555703163147,164,210
65.29089665412903,165,224
65.29089665412903,144,240
65.29089665412903,143,152
65.29089665412903,143,173
65.29089665412903,143,208
65.31476378440857,143,223
65.31476378440857,142,243
65.32283735275269,142,151
65.32283735275269,142,172
65.32283735275269,142,208
65.32283735275269,141,224
65.32283735275269,141,243
65.32283735275269,141,151
65.34288239479065,141,172
65.34288239479065,140,208
65.34924507141113,140,225
65.35485172271729,140,246
65.35485172271729,140,150
65.36093091964722,139,172
65.37106800079346,139,207
65.37165713310242,139,224
65.37426328659058,139,244
65.37677788734436,138,149
65.38079833984375,138,172
65.39962887763977,138,208
65.39962887763977,138,224
65.40471601486206,137,243
65.40471601486206,137,151
65.40471601486206,137,172
65.40471601486206,137,207
65.4089560508728,137,223
65.41594624519348,136,246
65.42297148704529,136,149
65.42396926879883,136,173
65.42696905136108,136,208
65.431969165802,136,225
65.43496918678284,135,245
65.43696928024292,135,152
65.4409692287445,135,172
65.44870662689209,135,208
65.4497058391571,135,223
65.4497058391571,134,245
65.4497058391571,134,151
65.4497058391571,134,173
65.4655373096466,134,208
65.4655373096466,134,222
65.4655373096466,134,246
65.48161840438843,133,151
65.48161840438843,133,172
65.48161840438843,133,206
65.48161840438843,133,221
65.49729561805725,133,243
65.49729561805725,133,152
65.49729561805725,133,172
65.49729561805725,133,204
65.49729561805725,132,221
65.51321196556091,132,241
65.51321196556091,132,154
65.51321196556091,132,174
65.51321196556091,132,205
65.52920365333557,132,222
65.52920365333557,132,241
65.52920365333557,131,154
65.53955149650574,131,172
65.55228638648987,131,206
65.55228638648987,131,219
65.55669951438904,131,241
65.55669951438904,131,154
65.56120538711548,131,174
65.56120538711548,131,206
65.56120538711548,131,220
65.57688856124878,131,242
65.57688856124878,130,153
65.57688856124878,130,172
65.58715033531189,130,205
65.58715033531189,130,218
65.59372019767761,130,243
65.59372019767761,130,155
65.59372019767761,130,174
65.59372019767761,130,205
65.60902452468872,130,219
65.60902452468872,130,243
65.60902452468872,130,155
65.60902452468872,129,174
65.62509655952454,129,205
65.62509655952454,129,218
65.62509655952454,129,243
65.6408748626709,129,155
65.6408748626709,129,175
65.6408748626709,129,202
65.6408748626709,129,218
65.6408748626709,129,244
65.65688920021057,129,155
65.65688920021057,129,174
65.65688920021057,129,202
65.65688920021057,129,216
65.70547366142273,129,243
65.70547366142273,129,154
65.70547366142273,129,174
65.70547366142273,128,203
65.70547366142273,128,218
65.70547366142273,128,243
65.70547366142273,128,154
65.70547366142273,128,174
65.70547366142273,128,203
65.70547366142273,128,218
65.70547366142273,128,242
65.71590828895569,128,156
65.72053337097168,128,174
65.72053337097168,128,202
65.72053337097168,128,216
65.72053337097168,128,242
65.74720311164856,128,155
65.74720311164856,128,174
65.76862239837646,128,203
65.76862239837646,128,215
65.76862239837646,128,243
65.76862239837646,128,155
65.76862239837646,128,175
65.76862239837646,128,202
65.76862239837646,128,216
65.76862239837646,128,244
65.76862239837646,128,154
65.78449988365173,128,174
65.7866141796112,128,203
65.7866141796112,128,217
65.7866141796112,128,242
65.8014919757843,128,154
65.8014919757843,128,174
65.8014919757843,128,202
65.8014919757843,128,217
65.8014919757843,136,244
65.81657600402832,146,153
65.81657600402832,157,175
65.81657600402832,166,201
65.83233833312988,174,219
65.83233833312988,182,246
65.83233833312988,189,156
65.83233833312988,196,175
65.84864163398743,202,203
65.84864163398743,207,219
65.8552474975586,213,247
65.8552474975586,217,154
65.8552474975586,221,177
65.86391639709473,225,201
65.86391639709473,229,219
65.86391639709473,232,246
65.86391639709473,236,155
65.88280057907104,239,177
65.88550209999084,241,202
65.88781118392944,244,216
65.89232182502747,246,246
65.90157675743103,248,157
65.90157675743103,250,177
65.91177368164062,251,202
65.91177368164062,253,216
65.91177368164062,255,248
65.91177368164062,256,157
65.92864108085632,257,177
65.92864108085632,258,201
65.92864108085632,259,217
65.92864108085632,261,246
65.9377110004425,262,155
65.9377110004425,262,176
65.94552683830261,263,202
65.9535551071167,264,216
65.9555594921112,265,246
65.95930767059326,265,157
65.96131086349487,266,178
65.9670877456665,267,201
65.97310137748718,267,216
65.9761073589325,268,247
65.9791030883789,268,156
65.98210287094116,269,178
65.98665761947632,269,201
65.98965668678284,270,217
65.98965668678284,270,245
65.98965668678284,270,158
65.98965668678284,271,178
66.00564622879028,271,202
66.00564622879028,272,216
66.00564622879028,272,248
66.00564622879028,272,157
66.02150511741638,272,179
66.02150511741638,273,201
66.03195309638977,273,216
66.03195309638977,273,248
66.03726530075073,273,157
66.03726530075073,273,178
66.03726530075073,273,201
66.04748010635376,273,217
66.05299305915833,273,248
66.05299305915833,273,158
66.05299305915833,272,178
66.05299305915833,272,202
66.06867599487305,271,217
66.06867599487305,270,248
66.06867599487305,269,158
66.06867599487305,267,178
66.08500719070435,265,200
66.09199953079224,263,218
66.09513878822327,260,249
66.09760451316833,257,157
66.10039043426514,253,178
66.10039043426514,249,197
66.10039043426514,244,215
66.10039043426514,239,248
66.11647272109985,233,156
66.11896467208862,227,178
66.11896467208862,220,198
66.11896467208862,215,215
66.14018106460571,209,248
66.14018106460571,204,155
66.14789152145386,200,178
66.14931392669678,195,196
66.14931392669678,192,216
66.14931392669678,188,249
66.14931392669678,185,154
66.16439151763916,182,178
66.16439151763916,179,197
66.16439151763916,177,215
66.16439151763916,174,248
66.16439151763916,172,156
66.18165731430054,170,177
66.18968629837036,168,198
66.18968629837036,167,214
66.19538736343384,165,248
66.19538736343384,164,155
66.19538736343384,163,179
66.19538736343384,162,197
66.19538736343384,161,215
66.21320390701294,160,247
66.22070741653442,159,155
66.22070741653442,159,177
66.22070741653442,158,196
66.2271237373352,157,214
66.2271237373352,157,248
66.23769283294678,157,155
66.23769283294678,156,177
66.25087428092957,156,197
66.25087428092957,155,216
66.2624933719635,155,248
66.2624933719635,155,155
66.2624933719635,155,179
66.26526498794556,155,195
66.26526498794556,154,217
66.27498602867126,155,248
66.27910709381104,155,154
66.28512191772461,155,177
66.2857723236084,155,195
66.28835916519165,155,214
66.29047632217407,155,249
66.30066013336182,155,154
66.30673885345459,154,177
66.30673885345459,155,194
66.30673885345459,155,216
66.30673885345459,155,249
66.30673885345459,155,156
66.3218903541565,155,177
66.32475805282593,155,194
66.32918763160706,155,217
66.33462166786194,156,249
66.33779978752136,156,155
66.33779978752136,156,177
66.33779978752136,156,194
66.34833765029907,156,214
66.35357427597046,156,248
66.35669803619385,156,156
66.35669803619385,157,177
66.35669803619385,157,194
66.36925983428955,157,214
66.36925983428955,157,249
66.37690353393555,158,155
66.37690353393555,158,178
66.38745498657227,158,194
66.38879990577698,158,214
66.3936378955841,158,249
66.39564394950867,159,154
66.4077320098877,159,178
66.40973782539368,159,193
66.4137556552887,159,216
66.41734051704407,159,249
66.42148470878601,159,154
66.42148470878601,160,178
66.42148470878601,160,192
66.4317135810852,160,217
66.4317135810852,160,249
66.4317135810852,160,156
66.4423668384552,161,180
66.4423668384552,161,193
66.44759058952332,161,218
66.44759058952332,161,250
66.44759058952332,161,154
66.46324157714844,162,178
66.46324157714844,162,192
66.46324157714844,162,218
66.46324157714844,162,249
66.48288416862488,162,154
66.48487138748169,162,178
66.4868552684784,163,191
66.49140691757202,163,217
66.49740409851074,163,249
66.49840450286865,163,155
66.50139164924622,163,178
66.50538992881775,164,191
66.50951480865479,164,219
66.50951480865479,164,249
66.50951480865479,164,154
66.50951480865479,164,178
66.52516722679138,164,191
66.52955627441406,165,217
66.53548908233643,165,251
66.5411126613617,165,156
66.5411126613617,165,180
66.5411126613617,165,191
66.5411126613617,165,219
66.5411126613617,166,249
66.55694437026978,166,154
66.55694437026978,166,180
66.55694437026978,166,191
66.57304000854492,166,219
66.57304000854492,166,251
66.57304000854492,167,154
66.57304000854492,167,178
66.58897304534912,167,191
66.59083151817322,167,219
66.59398865699768,167,249
66.60116267204285,167,156
66.60502505302429,167,179
66.60502505302429,168,191
66.60502505302429,168,219
66.60502505302429,168,249
66.60502505302429,168,155
66.62069487571716,168,178
66.62069487571716,168,192
66.62069487571716,168,219
66.62069487571716,168,250
66.63646841049194,168,156
66.63646841049194,169,179
66.64694666862488,169,190
66.65214586257935,169,224
66.65214586257935,169,250
66.65214586257935,169,155
66.65214586257935,169,180
66.65214586257935,169,192
66.66792130470276,170,224
66.66792130470276,169,251
66.66792130470276,170,155
66.6850254535675,170,179
66.6850254535675,170,192
66.6850254535675,170,226
66.6850254535675,170,250
66.69973349571228,170,155
66.69973349571228,170,179
66.69973349571228,170,189
66.69973349571228,170,225
66.69973349571228,170,249
66.71549010276794,171,157
66.71549010276794,171,179
66.71549010276794,171,189
66.73116278648376,171,226
66.73116278648376,171,250
66.73116278648376,171,156
66.74150466918945,171,180
66.74679446220398,171,191
66.74679446220398,171,225
66.74679446220398,171,252
66.74679446220398,171,154
66.74679446220398,171,179
66.76245784759521,171,192
66.76245784759521,172,224
66.76245784759521,172,250
66.76245784759521,172,156
66.7887830734253,172,179
66.7887830734253,172,192
66.7887830734253,172,223
66.793954372406,172,252
66.793954372406,172,156
66.793954372406,172,175
66.793954372406,172,189
66.80985140800476,172,225
66.80985140800476,172,252
66.80985140800476,172,156
66.80985140800476,172,179
66.8256311416626,172,191
66.8256311416626,172,225
66.8256311416626,172,252
66.83604454994202,173,156
66.8416600227356,172,180
66.8416600227356,172,189
66.8416600227356,172,225
66.8416600227356,172,250
66.85744667053223,173,154
66.85744667053223,191,180
66.85744667053223,239,193
66.85744667053223,294,227
66.87326288223267,351,255
66.87326288223267,406,160
66.87326288223267,456,184
66.87326288223267,502,197
66.89056086540222,545,229
66.89056086540222,584,255
66.90068125724792,621,163
66.90068125724792,655,184
66.90480518341064,687,196
66.90480518341064,716,232
66.90480518341064,743,257
66.90480518341064,769,164
66.92066431045532,793,186
66.92066431045532,815,198
66.92066431045532,836,233
66.92066431045532,855,258
66.93698644638062,873,166
66.94710302352905,890,186
66.94710302352905,906,198
66.95271730422974,921,232
66.95271730422974,934,260
66.95271730422974,947,165
66.95271730422974,958,188
66.95271730422974,969,198
66.96850538253784,978,234
66.96850538253784,987,260
66.96850538253784,994,167
66.96850538253784,1000,187
66.98434233665466,1005,199
66.98434233665466,1009,235
67.00491857528687,1011,260
67.00591778755188,1011,167
67.00691771507263,1010,187
67.0079255104065,1007,201
67.01092982292175,1002,236
67.01491618156433,995,260
67.02993512153625,985,167
67.02993512153625,973,187
67.02993512153625,958,198
67.02993512153625,941,234
67.02993512153625,920,261
67.02993512153625,897,166
67.02993512153625,870,184
67.04695415496826,839,197
67.04695415496826,806,232
67.05712628364563,769,259
67.05712628364563,728,163
67.06176400184631,684,182
67.06176400184631,636,194
67.06176400184631,584,228
67.07796001434326,530,253
67.07796001434326,471,160
67.07796001434326,409,179
67.07796001434326,344,192
67.08807253837585,274,226
67.0937111377716,202,251
67.0937111377716,127,156
67.0937111377716,79,175
67.0937111377716,17,186
67.10949635505676,3,222
67.10949635505676,12,248
67.10949635505676,25,155
67.10949635505676,37,175
67.12528109550476,49,187
67.12528109550476,59,223
67.13559341430664,68,250
67.13559341430664,76,157
67.14145803451538,83,175
67.14145803451538,89,188
67.14145803451538,94,223
67.14145803451538,99,248
67.15731239318848,103,155
67.15731239318848,107,173
67.15731239318848,110,189
67.17337250709534,113,225
67.17337250709534,116,250
67.17337250709534,118,157
67.17337250709534,120,173
67.17337250709534,121,190
67.18966245651245,123,225
67.18966245651245,124,250
67.1997742652893,125,157
67.1997742652893,126,175
67.20539498329163,127,189
67.20539498329163,127,224
67.20539498329163,128,251
67.20539498329163,128,155
67.22119307518005,129,175
67.22119307518005,129,188
67.22119307518005,129,225
67.22119307518005,129,249
67.23756790161133,129,158
67.23756790161133,130,174
67.24767851829529,130,188
67.24767851829529,130,225
67.25282287597656,130,248
67.25282287597656,130,158
67.25282287597656,130,174
67.25282287597656,130,188
67.26895141601562,130,225
67.26895141601562,129,251
67.26895141601562,129,158
67.26895141601562,129,173
67.2853856086731,129,187
67.2853856086731,129,225
67.2853856086731,129,249
67.29551529884338,129,159
67.3011372089386,129,174
67.3011372089386,128,189
67.3011372089386,128,223
67.3011372089386,128,249
67.31705665588379,128,158
67.31705665588379,128,173
67.31705665588379,128,189
67.31705665588379,128,224
67.33270359039307,127,251
67.33270359039307,127,159
67.33270359039307,127,173
67.34306311607361,127,188
67.3483738899231,127,223
67.35196566581726,127,248
67.35397577285767,127,158
67.35397577285767,127,173
67.36668229103088,126,189
67.37047863006592,126,225
67.37394070625305,126,252
67.37679028511047,126,157
67.38212132453918,126,176
67.38503408432007,126,189
67.39052605628967,126,224
67.39384365081787,126,249
